species;latitude;longitude;source;no
larix;55.041836;158.872514;gbif;1
larix;57.5843;134.6597;gbif;2
larix;57.5707;136.0687;gbif;3
larix;58.4306;136.1937;gbif;4
larix;56.8275;137.4036;gbif;5
larix;64.8178;154.3134;gbif;6
larix;64.7126;153.0379;gbif;7
larix;65.0429;109.2218;gbif;8
larix;64.9639;153.0453;gbif;9
larix;64.8374;152.6848;gbif;10
larix;64.2156;154.4821;gbif;11
larix;65.0265;154.7688;gbif;12
larix;56.6866;124.1116;gbif;13
larix;64.9911;152.1118;gbif;14
larix;67.169;156.2382;gbif;15
larix;65.2273;151.6885;gbif;16
larix;64.7619;153.7717;gbif;17
larix;64.8724;152.3885;gbif;18
larix;64.695;153.2753;gbif;19
larix;64.9224;152.8908;gbif;20
larix;64.8483;154.446;gbif;21
larix;64.7255;109.3597;gbif;22
larix;64.5328;154.178;gbif;23
larix;64.7355;154.0121;gbif;24
larix;58.5331;128.8914;gbif;25
larix;58.528;129.2605;gbif;26
larix;58.7617;127.2472;gbif;27
larix;57.5771;134.6558;gbif;28
larix;59.6494;150.4463;gbif;29
larix;59.6846;150.5224;gbif;30
larix;59.6278;150.8431;gbif;31
larix;59.6969;150.9152;gbif;32
larix;59.6897;150.8098;gbif;33
larix;59.7436;150.8628;gbif;34
larix;59.67;150.4573;gbif;35
larix;59.5956;151.1744;gbif;36
larix;59.6885;150.9861;gbif;37
larix;59.5807;151.1699;gbif;38
larix;59.6007;151.1363;gbif;39
larix;59.6003;150.9998;gbif;40
larix;59.5333;150.7728;gbif;41
larix;59.6519;150.8978;gbif;42
larix;59.7572;150.8688;gbif;43
larix;59.3771;150.8662;gbif;44
larix;59.6741;150.484;gbif;45
larix;59.6933;150.9676;gbif;46
larix;59.6426;150.8758;gbif;47
larix;59.5897;151.1373;gbif;48
larix;56.294;137.1827;gbif;49
larix;55.767;130.609;gbif;50
larix;56.2335;134.6537;gbif;51
larix;59.7259;150.8233;gbif;52
larix;59.6537;150.4533;gbif;53
larix;59.7506;150.9245;gbif;54
larix;59.7122;150.7425;gbif;55
larix;59.6393;150.896;gbif;56
larix;59.7652;150.8915;gbif;57
larix;59.6226;150.4423;gbif;58
larix;59.5283;150.7852;gbif;59
larix;59.7384;150.8427;gbif;60
larix;59.6306;150.9032;gbif;61
larix;59.7577;150.9482;gbif;62
larix;59.6055;151.1248;gbif;63
larix;55.641;130.749;gbif;64
larix;57.6138;134.0245;gbif;65
larix;59.6291;150.4508;gbif;66
larix;59.6563;150.8863;gbif;67
larix;59.6035;151.0212;gbif;68
larix;59.6387;150.9763;gbif;69
larix;59.6287;150.4406;gbif;70
larix;59.6216;150.9906;gbif;71
larix;59.7091;150.8053;gbif;72
larix;59.6777;150.9312;gbif;73
larix;59.5976;151.0537;gbif;74
larix;55.71;130.854;gbif;75
larix;59.7211;150.8046;gbif;76
larix;59.7354;150.8668;gbif;77
larix;59.5251;150.7982;gbif;78
larix;59.5915;151.123;gbif;79
larix;55.724;130.504;gbif;80
larix;59.6438;150.9065;gbif;81
larix;55.8812;135.9405;gbif;82
larix;55.626;130.028;gbif;83
larix;58.7743;134.2522;gbif;84
larix;59.7016;150.9467;gbif;85
larix;59.6361;150.9085;gbif;86
larix;59.7515;150.907;gbif;87
larix;59.5639;150.8034;gbif;88
larix;59.6999;150.7465;gbif;89
larix;59.7573;150.8469;gbif;90
larix;59.7015;150.8068;gbif;91
larix;59.6697;150.797;gbif;92
larix;59.7497;150.8651;gbif;93
larix;59.6018;151.0938;gbif;94
larix;59.7408;150.836;gbif;95
larix;59.6175;150.8985;gbif;96
larix;59.5974;151.1021;gbif;97
larix;55.693;130.888;gbif;98
larix;57.0632;137.3255;gbif;99
larix;59.6647;150.7745;gbif;100
larix;59.6785;150.4593;gbif;101
larix;55.744;130.592;gbif;102
larix;59.5784;151.1255;gbif;103
larix;59.6505;150.8783;gbif;104
larix;59.608;150.9676;gbif;105
larix;59.6639;150.4531;gbif;106
larix;59.6208;150.4331;gbif;107
larix;59.6795;150.4753;gbif;108
larix;59.7019;150.9661;gbif;109
larix;59.5845;151.1255;gbif;110
larix;68.065;122.9382;gbif;111
larix;65.9366;111.4699;gbif;112
larix;67.8655;123.1494;gbif;113
larix;70.2333;101.2;gbif;114
larix;70.3333;106.8333;gbif;115
larix;71.9666;110.6833;gbif;116
larix;71.2077;127.3451;gbif;117
larix;71.8972;127.367;gbif;118
larix;71.417;127.3652;gbif;119
larix;69.486;91.0322;gbif;120
larix;62.5286;113.9933;gbif;121
larix;71.7333;127.2709;gbif;122
larix;72.1705;102.8633;gbif;123
larix;71.9804;102.4834;gbif;124
larix;72.814;101.1166;gbif;125
larix;56.9818;132.2461;gbif;126
larix;58.0155;134.2048;gbif;127
larix;56.741;132.9588;gbif;128
larix;56.9048;132.6389;gbif;129
larix;56.1051;160.2182;gbif;130
larix;57.6448;132.2159;gbif;131
larix;53.3006;132.8981;gbif;132
larix;52.9553;132.7645;gbif;133
larix;53.0663;132.8817;gbif;134
larix;49.1307;144.244;gbif;135
larix;49.2812;143.9436;gbif;136
larix;50.8748;137.448;gbif;137
larix;50.7176;137.5181;gbif;138
larix;52.7205;134.6119;gbif;139
larix;52.9763;132.0499;gbif;140
larix;52.7902;131.7163;gbif;141
larix;50.7889;137.7501;gbif;142
larix;50.7559;137.6279;gbif;143
larix;50.7672;137.3945;gbif;144
larix;63.6977;124.4366;gbif;145
larix;69.3105;93.5942;gbif;146
larix;59.2061;125.321;gbif;147
larix;65.1209;119.7272;gbif;148
larix;66.144;168.0384;gbif;149
larix;66.2299;167.5182;gbif;150
larix;66.6749;167.8224;gbif;151
larix;65.6498;168.5578;gbif;152
larix;64.1667;171.0414;gbif;153
larix;65.701;169.4273;gbif;154
larix;66.7017;167.5216;gbif;155
larix;64.3746;171.2851;gbif;156
larix;64.7989;169.4166;gbif;157
larix;65.4103;168.5099;gbif;158
larix;72.5981;101.2365;gbif;159
larix;64.2844;171.2577;gbif;160
larix;65.5399;168.845;gbif;161
larix;65.0528;167.6692;gbif;162
larix;68.9937;161.5652;gbif;163
larix;67.7068;164.7132;gbif;164
larix;67.0063;167.7822;gbif;165
larix;65.2683;168.6747;gbif;166
larix;66.6927;167.6583;gbif;167
larix;64.7672;168.9933;gbif;168
larix;67.8968;164.9776;gbif;169
larix;68.6258;165.5567;gbif;170
larix;66.1889;166.5459;gbif;171
larix;65.0929;168.867;gbif;172
larix;66.1527;167.7929;gbif;173
larix;67.7165;165.1256;gbif;174
larix;63.9659;170.1843;gbif;175
larix;64.8606;168.7406;gbif;176
larix;68.1104;164.1736;gbif;177
larix;67.7283;165.5681;gbif;178
larix;64.056;170.8215;gbif;179
larix;63.917;170.2392;gbif;180
larix;64.7907;168.7077;gbif;181
larix;65.4437;166.4347;gbif;182
larix;66.7912;167.3458;gbif;183
larix;65.8001;169.8063;gbif;184
larix;66.2119;166.3447;gbif;185
larix;65.1621;168.9164;gbif;186
larix;67.9558;165.1259;gbif;187
larix;68.7777;165.3658;gbif;188
larix;65.0213;168.7132;gbif;189
larix;44.4081;135.3894;gbif;190
larix;44.288;134.8372;gbif;191
larix;64.849;165.5175;gbif;192
larix;44.4184;135.2201;gbif;193
larix;44.4184;135.2201;gbif;194
larix;44.3238;135.3919;gbif;195
larix;44.3238;135.3919;gbif;196
larix;44.349;135.0979;gbif;197
larix;62.6895;147.9623;gbif;198
larix;63.5389;120.1199;gbif;199
larix;44.2939;135.5506;gbif;200
larix;44.3286;135.3124;gbif;201
larix;44.1603;135.1181;gbif;202
larix;44.2718;135.0557;gbif;203
larix;44.3237;135.459;gbif;204
larix;44.1736;135.3911;gbif;205
larix;44.3286;135.3124;gbif;206
larix;64.6915;165.799;gbif;207
larix;44.4974;135.3874;gbif;208
larix;64.7638;165.3411;gbif;209
larix;63.829;165.7018;gbif;210
larix;63.9592;164.4638;gbif;211
larix;63.9088;164.8933;gbif;212
larix;69.3408;139.9505;gbif;213
larix;63.9382;152.9316;gbif;214
larix;69.7325;135.1373;gbif;215
larix;70.839;127.7252;gbif;216
larix;67.6601;134.5965;gbif;217
larix;63.7258;152.8584;gbif;218
larix;63.6752;153.2086;gbif;219
larix;63.8949;153.6367;gbif;220
larix;65.9505;166.3099;gbif;221
larix;68.7516;161.3408;gbif;222
larix;63.589;153.0356;gbif;223
larix;71.0958;127.5522;gbif;224
larix;62.3757;155.9855;gbif;225
larix;64.3076;100.4344;gbif;226
larix;64.1704;100.2937;gbif;227
larix;64.185;100.3152;gbif;228
larix;62.5754;155.3503;gbif;229
larix;62.1925;155.9835;gbif;230
larix;64.194;100.515;gbif;231
larix;64.3031;100.4327;gbif;232
larix;62.1164;154.6752;gbif;233
larix;64.1668;100.4567;gbif;234
larix;64.2034;100.3952;gbif;235
larix;67.5455;100.3865;gbif;236
larix;64.2031;100.3944;gbif;237
larix;64.1843;100.3184;gbif;238
larix;64.1626;100.473;gbif;239
larix;62.4345;156.4316;gbif;240
larix;61.8918;156.1324;gbif;241
larix;62.6246;155.898;gbif;242
larix;64.3045;100.4395;gbif;243
larix;61.935;155.217;gbif;244
larix;62.2178;155.3833;gbif;245
larix;64.1935;100.3652;gbif;246
larix;64.3076;100.4344;gbif;247
larix;62.5143;155.785;gbif;248
larix;64.1935;100.3653;gbif;249
larix;64.2159;100.4211;gbif;250
larix;67.6853;159.6974;gbif;251
larix;72.476;105.381;gbif;252
larix;70.99;94.5902;gbif;253
larix;68.4293;165.015;gbif;254
larix;68.9249;164.3013;gbif;255
larix;66.5187;167.0396;gbif;256
larix;67.9909;167.4807;gbif;257
larix;68.1822;165.256;gbif;258
larix;67.4864;167.8717;gbif;259
larix;68.5595;164.89;gbif;260
larix;66.228;168.2711;gbif;261
larix;67.5379;167.501;gbif;262
larix;68.2572;164.6943;gbif;263
larix;69.2495;163.8701;gbif;264
larix;43.2614;133.7075;gbif;265
larix;43.7372;134.4319;gbif;266
larix;53.8425;130.38;gbif;267
larix;53.8097;130.4338;gbif;268
larix;53.7967;130.438;gbif;269
larix;59.3464;148.6597;gbif;270
larix;53.8419;130.3866;gbif;271
larix;53.8083;130.4309;gbif;272
larix;53.7873;130.4416;gbif;273
larix;53.8442;130.3688;gbif;274
larix;59.3429;148.6157;gbif;275
larix;50.7327;134.7037;gbif;276
larix;50.4035;134.7779;gbif;277
larix;50.6184;134.896;gbif;278
larix;48.6828;138.249;gbif;279
larix;47.3118;137.596;gbif;280
larix;62.1061;128.3705;gbif;281
larix;62.2808;119.4595;gbif;282
larix;69.75;147.5333;gbif;283
larix;59.361;143.2297;gbif;284
larix;62.1791;159.0891;gbif;285
larix;49.4455;138.3161;gbif;286
larix;71.9654;114.0932;gbif;287
larix;69.5666;149.3333;gbif;288
larix;47.2382;138.4297;gbif;289
larix;50.3318;139.2359;gbif;290
larix;45.7297;135.4904;gbif;291
larix;62.0207;129.6107;gbif;292
larix;50.4641;143.2397;gbif;293
larix;72.815;108.449;gbif;294
larix;61.7994;160.4225;gbif;295
larix;63.1874;108.4288;gbif;296
larix;55.8667;158.817;gbif;297
larix;56.0017;134.0335;gbif;298
larix;64.1223;159.2446;gbif;299
larix;65.0432;161.6473;gbif;300
larix;56.4577;159.6838;gbif;301
larix;53.3818;134.6249;gbif;302
larix;55.6178;136.5513;gbif;303
larix;65.4752;160.151;gbif;304
larix;50.6517;133.5887;gbif;305
larix;59.4963;150.9203;gbif;306
larix;71.976;127.0524;gbif;307
larix;59.5911;149.1419;gbif;308
larix;56.1296;137.5511;gbif;309
larix;66.2212;159.2272;gbif;310
larix;55.9367;158.7161;gbif;311
larix;55.1573;132.6743;gbif;312
larix;55.8871;133.0714;gbif;313
larix;65.6563;159.4085;gbif;314
larix;65.2311;160.5379;gbif;315
larix;56.4608;138.1723;gbif;316
larix;59.311;149.0824;gbif;318
larix;55.5114;132.6928;gbif;319
larix;59.1544;151.7852;gbif;320
larix;59.5834;150.3973;gbif;321
larix;59.1864;149.0839;gbif;322
larix;53.8465;130.3679;gbif;323
larix;53.7943;130.4402;gbif;324
larix;53.8471;130.3715;gbif;325
larix;53.8426;130.3688;gbif;326
larix;53.7827;130.4468;gbif;327
larix;53.8423;130.3847;gbif;328
larix;53.7705;130.4795;gbif;329
larix;59.3441;148.6422;gbif;330
larix;53.7992;130.4357;gbif;331
larix;53.7804;130.4642;gbif;332
larix;53.8415;130.3878;gbif;333
larix;53.8425;130.3779;gbif;334
larix;50.2478;134.7051;gbif;335
larix;50.3531;134.2052;gbif;336
larix;50.7153;134.3727;gbif;337
larix;50.5643;134.451;gbif;338
larix;71.6618;125.4477;gbif;339
larix;70.798;127.4015;gbif;340
larix;55.4739;113.4389;gbif;341
larix;49.8771;143.4699;gbif;342
larix;59.4026;143.472;gbif;343
larix;42.4668;130.9212;gbif;344
larix;64.1113;148.0262;gbif;345
larix;45.7895;135.421;gbif;346
larix;43.5293;134.0599;gbif;347
larix;45.7781;135.3568;gbif;348
larix;64.4657;122.5177;gbif;349
larix;61.9674;129.6215;gbif;350
larix;47.779;138.2512;gbif;351
larix;62.0289;118.6511;gbif;352
larix;63.0984;144.6133;gbif;353
larix;69.0799;160.9669;gbif;354
larix;45.7119;135.53;gbif;355
larix;70.1666;140.7;gbif;356
larix;70.6333;147.8833;gbif;357
larix;64.4573;143.3597;gbif;358
larix;46.1558;136.9195;gbif;359
larix;48.4027;138.1832;gbif;360
larix;43.6924;134.1979;gbif;361
larix;67.9748;108.8503;gbif;362
larix;62.9524;108.397;gbif;363
larix;56.2303;113.4379;gbif;364
larix;61.2749;108.0065;gbif;365
larix;55.9663;110.5162;gbif;366
larix;55.7949;109.5948;gbif;367
larix;55.7576;109.7311;gbif;368
larix;61.9192;159.2383;gbif;369
larix;56.4929;113.3568;gbif;370
larix;50.7482;133.416;gbif;371
larix;50.8773;132.9815;gbif;372
larix;55.3489;159.8455;gbif;373
larix;50.6228;143.3636;gbif;374
larix;56.3063;158.8434;gbif;376
larix;55.9566;133.7435;gbif;377
larix;55.8722;134.9027;gbif;378
larix;57.0543;134.0055;gbif;379
larix;56.0613;136.1971;gbif;380
larix;56.0576;159.1951;gbif;381
larix;56.0383;159.0289;gbif;382
larix;65.6554;162.4321;gbif;383
larix;64.3462;162.7158;gbif;384
larix;56.3297;134.7304;gbif;385
larix;65.7917;158.9405;gbif;386
larix;55.859;158.66;gbif;387
larix;52.0157;134.8244;gbif;388
larix;55.0155;132.5704;gbif;389
larix;56.2972;159.2388;gbif;390
larix;52.3953;134.6798;gbif;391
larix;66.6108;159.4625;gbif;392
larix;61.1067;127.3616;gbif;393
larix;59.1354;148.9949;gbif;394
larix;63.3544;152.6314;gbif;395
larix;43.1025;131.4909;gbif;396
larix;47.245467;142.701567;gbif;397
larix;55.82;160.17;tree_rring;399
larix;69.78;119.12;tree_rring;400
larix;70.52;89.5;tree_rring;401
larix;65.88;145.3;tree_rring;402
larix;69.28;125.33;tree_rring;403
larix;68.42;143.17;tree_rring;404
larix;69.77;112.82;tree_rring;405
larix;62.47;137.75;tree_rring;406
larix;69.77;112.82;tree_rring;407
larix;63.52;151.72;tree_rring;408
larix;71.9;111.03;tree_rring;409
larix;71.7;118.58;tree_rring;410
larix;72.45;101.75;tree_rring;411
larix;61.15;136.57;tree_rring;412
larix;68.45;147.58;tree_rring;413
larix;66.22;165.42;tree_rring;414
larix;65.1;154.93;tree_rring;415
larix;64.53;143.12;tree_rring;416
larix;65.15;149.43;tree_rring;417
larix;69.53;97.53;tree_rring;418
larix;67.25;153.7;tree_rring;419
larix;64.93;132.93;tree_rring;420
larix;63.62;141.35;tree_rring;421
larix;70.25;138.17;tree_rring;422
larix;68.8;163.05;tree_rring;423
larix;63.65;133.78;tree_rring;424
larix;67.83;130.83;tree_rring;425
larix;63.58;148.28;tree_rring;426
larix;67.62;137.47;tree_rring;427
larix;70.95;132.98;tree_rring;428
larix;71.33;93.83;tree_rring;429
larix;67.47;167.67;tree_rring;430
larix;71.22;127.43;tree_rring;431
larix;69.28;154.77;tree_rring;432
larix;61.28;151.95;tree_rring;433
larix;61.17;153.97;tree_rring;434
larix;63.67;159.95;tree_rring;435
larix;70.28;148.05;tree_rring;436
larix;63.67;159.95;tree_rring;437
larix;61.17;153.97;tree_rring;438
larix;65.8;137.25;tree_rring;439
larix;62.13;155.03;tree_rring;440
larix;60.35;154.12;tree_rring;441
larix;69.53;97.53;tree_rring;442
larix;71.7;118.58;tree_rring;443
larix;70.6;104.25;tree_rring;444
larix;71.9;111.03;tree_rring;445
larix;70.53;148.15;tree_rring;446
larix;70.5;148.13;tree_rring;447
larix;70.47;144.27;tree_rring;448
larix;70.43;143.93;tree_rring;449
larix;70.05;146.45;tree_rring;450
larix;69.45;150.25;tree_rring;451
larix;69.12;150.27;tree_rring;452
larix;68.75;161.4167;tree_rring;453
larix;68.6667;159.0833;tree_rring;454
larix;68.75;161.3833;tree_rring;455
larix;68.5333;160.2;tree_rring;456
larix;68.7333;161.55;tree_rring;457
larix;66.7573;123.3551;tree_rring;458
larix;66.7507;123.4165;tree_rring;459
larix;66.2758;123.9168;tree_rring;460
larix;66.2104;123.0049;tree_rring;461
larix;55.1333;159.1167;tree_rring;462
larix;55.8167;160.1667;tree_rring;463
larix;55.1333;159.1167;tree_rring;464
larix;72.45;101.9;tree_rring;465
larix;70.3667;103.2667;tree_rring;466
larix;70.65;109.4667;tree_rring;467
larix;51.03;143.59;tree_rring;468
larix;55.97215;160.13524;tree_rring;469
larix;55.94931;160.1991;tree_rring;470
larix;55.9567;160.23132;tree_rring;471
larix;62.254691;129.617878;tree_rring;472
larix;50.282672;134.692101;botsad;473
larix;43.554438;131.320194;botsad;475
larix;43.554438;131.320194;botsad;476
larix;43.554438;131.320194;botsad;477
larix;43.554438;131.320194;botsad;478
larix;52.344295;129.953021;botsad;479
larix;52.343587;129.923109;botsad;480
larix;52.344295;129.953021;botsad;481
larix;52.344295;129.953021;botsad;482
larix;55.599567;124.910303;botsad;483
larix;56.45472;138.182434;botsad;484
larix;56.508657;138.00322;botsad;485
larix;53.113057;126.351856;botsad;486
larix;54.076371;127.112369;botsad;487
larix;53.647951;125.428488;botsad;488
larix;55.709988;130.797734;botsad;490
larix;55.709988;130.797734;botsad;491
larix;55.709988;130.797734;botsad;492
larix;50.248043;127.569198;botsad;493
larix;51.453487;136.433335;botsad;494
larix;52.372196;140.442719;botsad;495
larix;43.793611;146.747222;botsad;496
larix;48.611322;142.534178;botsad;497
larix;54.136667;142.704444;botsad;498
larix;51.491667;143.037201;botsad;500
larix;52.505998;142.676201;botsad;501
larix;43.193086;131.985146;botsad;502
larix;43.163918;132.008495;botsad;503
larix;44.291959;134.910658;botsad;504
larix;44.251112;135.455178;botsad;505
larix;44.251112;135.455178;botsad;506
larix;44.251112;135.455178;botsad;507
larix;44.78211;136.279469;botsad;508
larix;43.694902;134.200992;botsad;509
larix;44.255169;135.057261;botsad;510
larix;50.28267;134.6921;botsad;511
larix;50.28267;134.6921;botsad;512
larix;55.035627;135.439453;botsad;513
larix;57.115556;137.412222;botsad;514
larix;59.561152;150.830141;botsad;515
larix;59.561152;150.830141;botsad;516
larix;55.778422;160.18726;botsad;517
larix;46.590263;134.513855;botsad;520
larix;45.169302;136.355903;botsad;521
larix;45.161435;136.567445;botsad;522
larix;45.043256;136.609225;botsad;523
larix;47.252778;138.643056;botsad;524
larix;45.043256;136.609225;botsad;525
larix;45.043256;136.609225;botsad;526
larix;44.312271;135.183474;botsad;527
larix;43.193738;131.924904;botsad;528
larix;43.193019;131.920355;botsad;529
larix;44.251112;135.455178;botsad;530
larix;55.91892;158.673262;botsad;531
larix;55.909513;159.698636;botsad;532
larix;56.071451;159.89537;botsad;533
larix;56.056855;159.871444;botsad;534
larix;56.056112;159.871444;botsad;535
larix;49.431201;132.399403;botsad;536
larix;54.548736;134.963541;botsad;537
larix;54.586951;135.018472;botsad;538
larix;49.077586;140.242795;botsad;539
larix;48.948022;140.225529;botsad;540
larix;50.52976;136.776285;botsad;541
larix;50.588843;135;botsad;542
larix;47.981556;139.541809;botsad;543
larix;47.981556;139.541809;botsad;544
larix;50.74683;133.4198;botsad;545
larix;50.74683;133.4198;botsad;546
larix;50.702778;133.532222;botsad;547
larix;51.018661;132.979986;botsad;548
larix;49.013831;131.059458;botsad;549
larix;49.013831;131.059458;botsad;550
larix;50.702778;133.532222;botsad;551
larix;50.561466;127.647822;botsad;552
larix;48.262745;135.221354;botsad;553
larix;49.102424;130.760139;botsad;554
larix;52.8391;133.302399;botsad;555
larix;52.573277;131.112396;botsad;556
larix;54.603507;127.480172;botsad;557
larix;50.561466;127.647822;botsad;558
larix;43.403337;132.726275;botsad;559
larix;43.379885;132.743441;botsad;560
larix;43.385874;132.741381;botsad;561
larix;60.250302;29.599313;botsad;562
larix;60.250302;29.599313;botsad;563
larix;43.701677;135.257583;botsad;564
larix;43.566071;134.628002;botsad;565
larix;46.481747;134.890137;botsad;566
larix;44.557395;135.622719;botsad;567
larix;45.929455;133.74279;botsad;568
larix;46.563951;134.679779;botsad;569
larix;46.562889;134.664673;botsad;570
larix;46.562889;134.664673;botsad;571
larix;46.525229;134.909363;botsad;572
larix;47.252778;138.643056;botsad;573
larix;45.704952;137.265077;botsad;574
larix;46.562004;134.668664;botsad;575
larix;45.425554;134.435286;botsad;576
larix;45.406419;134.505615;botsad;577
larix;45.393739;134.449019;botsad;578
larix;44.557395;135.622719;botsad;579
larix;63.471971;120.533702;botsad;580
larix;66.761345;124.123753;botsad;581
larix;61.737348;129.269849;botsad;582
larix;62.035452;129.675475;botsad;583
larix;62.035452;129.675475;botsad;584
larix;55.906434;158.751065;botsad;585
larix;55.961318;158.732314;botsad;586
larix;51.394227;109.733294;botsad;587
larix;52.031552;113.497923;botsad;588
larix;51.967825;112.579206;botsad;589
larix;51.050193;110.616247;botsad;590
larix;51.602157;112.922528;botsad;591
larix;49.761373;111.847134;botsad;592
larix;49.780959;111.909019;botsad;593
larix;50.772455;113.489309;botsad;594
larix;50.876667;113.379444;botsad;595
larix;50.849227;113.36619;botsad;596
larix;50.876667;113.379444;botsad;598
larix;49.568986;111.834937;botsad;599
larix;52.463787;119.744844;botsad;600
larix;52.463787;119.744844;botsad;601
larix;51.645562;117.582581;botsad;602
larix;49.590272;111.980506;botsad;603
larix;49.449383;111.128794;botsad;604
larix;49.704089;111.030188;botsad;605
larix;49.590272;111.980506;botsad;606
larix;49.590272;111.980506;botsad;607
larix;49.710715;111.014223;botsad;608
larix;49.713113;111.014658;botsad;609
larix;49.776115;111.24121;botsad;610
larix;49.710715;111.014223;botsad;611
larix;49.712131;111.014909;botsad;612
larix;49.712103;111.014609;botsad;613
larix;49.712353;111.014394;botsad;614
larix;49.020271;111.621465;botsad;615
larix;49.153611;111.556389;botsad;616
larix;43.566071;134.628002;botsad;617
larix;43.566071;134.628002;botsad;618
larix;43.566071;134.628002;botsad;619
larix;43.566071;134.628002;botsad;620
larix;43.566071;134.628002;botsad;621
larix;43.566071;134.628002;botsad;622
larix;43.745539;135.282977;botsad;623
larix;43.745539;135.282977;botsad;624
larix;43.745539;135.282977;botsad;625
larix;59.72903;150.896497;botsad;626
larix;59.767775;150.728956;botsad;627
larix;59.645856;150.706983;botsad;628
larix;59.623641;150.728956;botsad;629
larix;59.601133;150.885073;botsad;630
larix;59.673604;150.794874;botsad;631
larix;43.130391;133.928575;botsad;635
larix;44.557395;135.622719;botsad;636
larix;44.406245;135.393597;botsad;637
larix;45.043256;136.609225;botsad;638
larix;43.123134;134.302564;botsad;639
larix;43.596434;134.677784;botsad;640
larix;43.765611;134.818811;botsad;641
larix;45.043256;136.609225;botsad;642
larix;43.12091;134.307714;botsad;643
larix;41.387384;128.174495;botsad;648
larix;41.387384;128.174495;botsad;649
larix;43.738899;134.417541;botsad;650
larix;43.407805;134.752898;botsad;651
larix;44.406245;135.393597;botsad;652
larix;45.025696;136.634073;botsad;653
larix;43.118591;134.307542;botsad;654
larix;43.303632;134.602216;botsad;655
larix;44.406245;135.393597;botsad;656
larix;43.7216;135.281775;botsad;657
larix;43.740393;135.29289;botsad;658
larix;43.737633;135.29289;botsad;659
larix;43.29433;134.29783;botsad;660
larix;43.118999;134.307413;botsad;661
larix;43.596434;134.677784;botsad;662
larix;43.117495;134.306512;botsad;663
larix;44.557395;135.622719;botsad;664
larix;43.228193;134.115153;botsad;665
larix;43.212518;134.071397;botsad;666
larix;48.965494;140.279817;botsad;667
larix;48.970199;140.276212;botsad;668
larix;48.971523;140.276513;botsad;669
larix;43.252285;132.081388;botsad;670
larix;43.254535;132.100099;botsad;671
larix;44.635823;135.549316;botsad;672
larix;44.167627;133.868543;botsad;673
larix;43.566071;134.628002;botsad;674
larix;44.945047;136.547599;botsad;675
larix;43.567249;132.508139;botsad;676
larix;44.557395;135.622719;botsad;677
larix;44.948085;136.547255;botsad;678
larix;45.10084;136.587424;botsad;679
larix;44.180678;133.883649;botsad;680
larix;46.562889;134.664673;botsad;681
larix;44.185848;133.880559;botsad;682
larix;44.182401;133.914548;botsad;683
larix;45.107746;136.562533;botsad;684
larix;43.387371;132.849185;botsad;685
larix;43.379885;132.819659;botsad;686
larix;43.709054;135.256891;botsad;687
larix;44.557395;135.622719;botsad;688
larix;45.1029;136.549487;botsad;689
larix;43.710115;135.259986;botsad;690
larix;43.382131;132.747218;botsad;691
larix;43.191185;131.247515;botsad;692
larix;43.892516;133.907759;botsad;693
larix;43.892516;133.907759;botsad;694
larix;44.540758;135.442989;botsad;695
larix;43.641242;132.508086;botsad;696
larix;43.399085;131.332659;botsad;697
larix;43.103312;131.490252;botsad;698
larix;43.501275;131.310686;botsad;699
larix;43.403076;131.366991;botsad;700
larix;44.423937;131.369993;botsad;701
larix;42.306337;130.691278;botsad;702
larix;50.319761;127.48222;botsad;703
larix;55.925173;158.702445;botsad;704
larix;55.925173;158.702445;botsad;705
larix;55.925173;158.702445;botsad;706
larix;55.117378;159.067184;botsad;707
larix;55.117378;159.067184;botsad;708
larix;55.925173;158.702445;botsad;709
larix;55.905979;160.060014;botsad;710
larix;56.322023;160.843332;botsad;711
larix;56.322023;160.843332;botsad;712
larix;56.322023;160.843332;botsad;713
larix;56.023917;159.090743;botsad;714
larix;55.830833;160.325833;botsad;715
larix;62.339708;151.105852;botsad;716
larix;48.970818;140.25969;botsad;717
larix;53.678112;142.623306;botsad;718
larix;46.863396;143.155514;botsad;720
larix;46.726014;142.522618;botsad;726
larix;46.726014;142.522618;botsad;727
larix;46.726014;142.522618;botsad;728
larix;50.853288;142.665628;botsad;734
larix;51.792042;143.140039;botsad;735
larix;46.726014;142.522618;botsad;736
larix;46.726014;142.522618;botsad;737
larix;46.726014;142.522618;botsad;738
larix;50.74683;133.4198;botsad;740
larix;50.74683;133.4198;botsad;741
larix;51.004836;132.958013;botsad;742
larix;43.11903;134.307027;botsad;743
larix;43.222189;134.194804;botsad;744
larix;43.222189;134.194804;botsad;745
larix;43.222189;134.194804;botsad;746
larix;43.222189;134.194804;botsad;747
larix;43.222189;134.194804;botsad;748
larix;43.222189;134.194804;botsad;749
larix;43.118905;134.309473;botsad;750
larix;43.118717;134.307113;botsad;751
larix;43.118529;134.307671;botsad;752
larix;43.222189;134.194804;botsad;753
larix;43.222189;134.194804;botsad;754
larix;43.222189;134.194804;botsad;755
larix;43.222189;134.194804;botsad;756
larix;43.222189;134.194804;botsad;757
larix;43.222189;134.194804;botsad;758
larix;43.222189;134.194804;botsad;759
larix;43.127046;134.312907;botsad;760
larix;43.222189;134.194804;botsad;761
larix;43.420166;134.422034;botsad;762
larix;43.420166;134.422034;botsad;763
larix;43.420166;134.422034;botsad;764
larix;43.420166;134.422034;botsad;765
larix;43.420166;134.422034;botsad;766
larix;43.420166;134.422034;botsad;767
larix;43.420166;134.422034;botsad;768
larix;43.420166;134.422034;botsad;769
larix;43.420166;134.422034;botsad;770
larix;43.420166;134.422034;botsad;771
larix;43.420166;134.422034;botsad;772
larix;43.420166;134.422034;botsad;773
larix;43.420166;134.422034;botsad;774
larix;43.303632;134.602216;botsad;775
larix;43.745167;135.272849;botsad;776
larix;43.418145;134.751941;botsad;777
larix;45.043256;136.609225;botsad;778
larix;45.043256;136.609225;botsad;779
larix;45.043256;136.609225;botsad;780
larix;45.043256;136.609225;botsad;781
larix;45.043256;136.609225;botsad;782
larix;49.013831;131.059458;botsad;783
larix;49.013831;131.059458;botsad;784
larix;50.561466;127.647822;botsad;785
larix;44.255169;135.057261;botsad;786
larix;43.42413;134.728595;botsad;787
larix;43.222189;134.194804;botsad;788
larix;45.043256;136.609225;botsad;789
larix;44.557395;135.622719;botsad;790
larix;51.917427;127.581218;botsad;791
larix;55.108257;124.83882;botsad;793
larix;55.108257;124.83882;botsad;794
larix;44.420136;131.316091;botsad;795
larix;44.420136;131.316091;botsad;796
larix;51.302895;143.390022;botsad;797
larix;51.289156;143.381782;botsad;798
larix;51.86594;130.961669;botsad;799
larix;52.573277;131.112396;botsad;800
larix;54.160514;128.006371;botsad;802
larix;54.513277;127.365895;botsad;803
larix;46.62205;137.16447;botsad;804
larix;46.64104;137.08662;botsad;805
larix;46.64275;136.29543;botsad;806
larix;46.6364;137.098183;botsad;807
larix;44.59674;135.55553;botsad;808
larix;52.477803;130.784144;botsad;809
larix;54.536693;122.260958;botsad;810
larix;48.42927;142.09322;botsad;811
larix;54.136667;142.704444;botsad;812
larix;54.136667;142.704444;botsad;813
larix;55.91317;158.7533;botsad;814
larix;44.46742;135.391093;botsad;815
larix;48.98545;140.345043;botsad;816
larix;48.98545;140.345043;botsad;817
larix;49.358167;136.555265;botsad;818
larix;51.39637;143.459127;botsad;819
larix;51.39637;143.459127;botsad;820
larix;50.423334;142.647747;botsad;821
larix;50.423334;142.647747;botsad;822
larix;63.06;137.8525;ermakov;825
larix;42.05;127.59;Cerny et al.;826
larix;0;146.666909;my;827
larix;0;147.915948;my;828
larix;0;147.915948;my;829
larix;0;147.915948;my;830
larix;0;147.915948;my;831
larix;0;142.559804;my;832
larix;0;143.045144;my;833
larix;0;142.933653;my;834
larix;0;142.933653;my;835
larix;0;142.933653;my;836
larix;0;142.657587;my;837
larix;0;142.099187;my;838
larix;0;143.544456;my;839
larix;0;143.228532;my;840
larix;0;142.507468;my;841
larix;0;142.378276;my;842
larix;0;142.920794;my;843
larix;0;142.85673;my;844
larix;0;142.643012;my;845
larix;0;141.947852;my;846
larix;0;141.980056;my;847
larix;0;142.061234;my;848
larix;0;141.952676;my;849
larix;0;142.612679;my;850
larix;0;142.577043;my;851
larix;0;142.082053;my;852
larix;0;142.872041;my;853
larix;0;142.821023;my;854
larix;0;144.318039;my;855
larix;0;136.477281;my;856
larix;0;136.342385;my;857
larix;0;136.994037;my;858
larix;0;137.3519;my;859
larix;0;134.728968;my;860
larix;43.452552;131.348567;my;861
larix;45.044268;147.745356;my;862
larix;52.914197;141.973727;my;863
larix;52.728562;143.080178;my;864
larix;51.528695;142.030194;my;865
larix;51.15459;142.710179;my;866
larix;49.244981;142.992545;my;867
larix;48.231995;142.563134;my;868
larix;48.460984;142.101398;my;869
larix;53.370662;143.064904;my;870
larix;43.714886;146.666771;my;871
larix;54.875447;137.555375;my;872
larix;52.612344;141.136328;my;873
larix;50.871853;140.455038;my;874
larix;53.772621;136.841218;my;875
larix;58.715842;140.811521;my;876
larix;56.849354;138.01344;my;877
larix;58.395657;140.756333;my;878
larix;58.903297;141.7705;my;879
larix;59.666381;140.460294;my;880
larix;59.78522;141.798873;my;881
larix;60.17211;141.410956;my;882
larix;59.67106;140.136306;my;883
larix;59.182785;140.091742;my;884
larix;58.716675;138.970892;my;885
larix;57.602695;137.831266;my;886
larix;56.999863;135.728483;my;887
larix;60.662257;138.763364;my;888
larix;61.127894;143.089724;my;889
larix;60.726513;146.132762;my;890
larix;62.123252;145.581008;my;891
larix;62.381123;146.05567;my;892
larix;60.705221;146.018849;my;893
larix;60.705221;146.018849;my;894
larix;63.027736;145.559243;my;895
larix;63.024356;146.921406;my;896
larix;62.974128;147.999576;my;897
larix;60.892371;149.358391;my;898
larix;64.021567;129.422113;my;899
larix;64.176863;128.580011;my;900
larix;64.484732;129.217428;my;901
larix;64.013698;128.168783;my;902
larix;65.441627;127.108508;my;903
larix;65.964658;126.76546;my;904
larix;66.944863;127.55238;my;905
larix;50.847306;113.386167;galanin;906
larix;51.589611;112.8975;galanin;907
larix;50.844944;113.371806;galanin;908
larix;49.702067;111.000667;galanin;909
larix;50.835972;111.287528;galanin;910
larix;52.454883;119.558817;galanin;911
larix;52.725883;119.887933;galanin;912
larix;49.804141;111.421134;galanin;913
larix;52.16385;119.332917;galanin;914
larix;49.872806;109.233889;galanin;915
larix;50.803778;113.040472;galanin;916
larix;49.617983;111.013517;galanin;917
larix;49.703889;110.993972;galanin;918
larix;49.799361;111.413528;galanin;919
larix;50.800167;113.027528;galanin;920
larix;49.356389;108.839722;galanin;921
larix;50.800083;113.024694;galanin;922
larix;49.333139;112.593556;galanin;923
larix;49.401806;111.681389;galanin;924
larix;49.328278;111.245167;galanin;925
larix;53.489469;123.197657;vegetation_map;926
larix;51.45546;122.666012;vegetation_map;927
larix;53.383083;122.878147;vegetation_map;928
larix;52.697266;125.635244;vegetation_map;929
larix;53.414809;122.868958;vegetation_map;930
larix;53.275812;122.351423;vegetation_map;931
larix;53.273591;121.981095;vegetation_map;932
larix;53.238108;122.795628;vegetation_map;933
larix;52.656953;121.338337;vegetation_map;934
larix;53.193886;122.339774;vegetation_map;935
larix;53.140274;122.820442;vegetation_map;936
larix;53.231218;121.907179;vegetation_map;937
larix;52.910167;124.480302;vegetation_map;938
larix;53.203336;121.84094;vegetation_map;939
larix;53.039637;122.904715;vegetation_map;940
larix;53.101669;121.988435;vegetation_map;941
larix;52.605379;125.665962;vegetation_map;942
larix;53.034676;122.677906;vegetation_map;943
larix;53.015819;122.241221;vegetation_map;944
larix;52.542314;126.062663;vegetation_map;945
larix;52.490087;126.056445;vegetation_map;946
larix;52.411289;126.275846;vegetation_map;947
larix;52.963709;122.022044;vegetation_map;948
larix;52.424335;126.010886;vegetation_map;949
larix;52.894562;122.148835;vegetation_map;950
larix;52.946224;121.929199;vegetation_map;951
larix;52.502499;124.967491;vegetation_map;952
larix;52.359509;126.25498;vegetation_map;953
larix;52.690359;123.268549;vegetation_map;954
larix;52.839184;122.007286;vegetation_map;955
larix;52.334888;126.226483;vegetation_map;956
larix;52.799388;122.456468;vegetation_map;957
larix;52.237077;126.264344;vegetation_map;958
larix;52.202184;125.271729;vegetation_map;959
larix;52.293997;126.096461;vegetation_map;960
larix;52.605868;123.336662;vegetation_map;961
larix;52.711986;121.837581;vegetation_map;962
larix;52.747317;121.508969;vegetation_map;963
larix;52.128753;126.259832;vegetation_map;964
larix;52.565418;122.314191;vegetation_map;965
larix;52.527474;122.212101;vegetation_map;966
larix;52.589169;121.801102;vegetation_map;967
larix;52.015901;126.25106;vegetation_map;968
larix;52.018266;126.011168;vegetation_map;969
larix;52.563008;122.01701;vegetation_map;970
larix;51.977106;126.406576;vegetation_map;971
larix;52.613249;121.271165;vegetation_map;972
larix;51.841875;124.972879;vegetation_map;973
larix;51.833344;125.789317;vegetation_map;974
larix;52.464214;122.063914;vegetation_map;975
larix;52.494842;121.731966;vegetation_map;976
larix;51.870143;126.289488;vegetation_map;977
larix;52.461772;121.561605;vegetation_map;978
larix;52.06717;124.633018;vegetation_map;979
larix;51.949547;125.434097;vegetation_map;980
larix;51.799051;126.406197;vegetation_map;981
larix;52.381319;121.765515;vegetation_map;982
larix;51.788774;126.139119;vegetation_map;983
larix;51.851303;125.50152;vegetation_map;984
larix;51.844335;125.62746;vegetation_map;985
larix;51.983879;124.534882;vegetation_map;986
larix;51.963157;124.604772;vegetation_map;987
larix;51.646333;126.673301;vegetation_map;988
larix;51.827996;125.301223;vegetation_map;989
larix;51.696802;125.502082;vegetation_map;990
larix;51.706794;126.158986;vegetation_map;991
larix;51.677192;126.054646;vegetation_map;992
larix;51.519202;126.586987;vegetation_map;993
larix;51.64781;126.2922;vegetation_map;994
larix;51.660229;125.899729;vegetation_map;995
larix;51.572131;126.108802;vegetation_map;996
larix;51.46963;126.749381;vegetation_map;997
larix;51.56273;126.009887;vegetation_map;998
larix;51.237056;124.948131;vegetation_map;999
larix;51.683953;125.078557;vegetation_map;1000
larix;51.838821;124.134363;vegetation_map;1001
larix;51.789205;124.262335;vegetation_map;1002
larix;51.490091;126.395473;vegetation_map;1003
larix;51.7195;124.715043;vegetation_map;1004
larix;51.501099;126.21681;vegetation_map;1005
larix;51.307801;126.244578;vegetation_map;1006
larix;51.395603;126.444384;vegetation_map;1007
larix;51.381669;125.947386;vegetation_map;1008
larix;51.459775;125.679844;vegetation_map;1009
larix;51.6848;123.464547;vegetation_map;1010
larix;51.302294;126.447201;vegetation_map;1011
larix;51.455072;124.555917;vegetation_map;1012
larix;51.15391;126.326233;vegetation_map;1013
larix;51.25562;125.567729;vegetation_map;1014
larix;51.273255;125.309657;vegetation_map;1015
larix;51.122809;126.417739;vegetation_map;1016
larix;51.721722;120.329157;vegetation_map;1017
larix;51.186615;125.5604;vegetation_map;1018
larix;51.1265;125.936637;vegetation_map;1019
larix;50.945478;126.759893;vegetation_map;1020
larix;51.716295;120.417334;vegetation_map;1021
larix;50.887398;127.02102;vegetation_map;1022
larix;50.825868;126.591866;vegetation_map;1023
larix;51.59086;120.224637;vegetation_map;1024
larix;50.828091;125.094325;vegetation_map;1025
larix;51.392666;120.202012;vegetation_map;1026
larix;51.447656;120.245299;vegetation_map;1027
larix;50.58628;126.897694;vegetation_map;1028
larix;50.700183;125.907436;vegetation_map;1029
larix;50.657818;126.259076;vegetation_map;1030
larix;50.581589;126.694242;vegetation_map;1031
larix;50.70648;125.703278;vegetation_map;1032
larix;50.741591;125.385339;vegetation_map;1033
larix;50.611687;126.288204;vegetation_map;1034
larix;50.720505;125.558912;vegetation_map;1035
larix;50.548867;126.470088;vegetation_map;1036
larix;50.557933;126.320392;vegetation_map;1037
larix;50.614185;125.747763;vegetation_map;1038
larix;50.47759;126.13126;vegetation_map;1039
larix;50.35751;125.833063;vegetation_map;1040
larix;50.383636;126.15675;vegetation_map;1041
larix;50.421392;125.943636;vegetation_map;1042
larix;50.317139;126.379722;vegetation_map;1043
larix;50.975476;119.868037;vegetation_map;1044
larix;50.095676;127.36165;vegetation_map;1045
larix;49.980946;127.264966;vegetation_map;1046
larix;50.317805;125.606484;vegetation_map;1047
larix;50.201782;125.6794;vegetation_map;1048
larix;50.280713;123.512252;vegetation_map;1049
larix;50.02135;126.176247;vegetation_map;1050
larix;50.003018;125.325752;vegetation_map;1051
larix;49.861358;126.7194;vegetation_map;1052
larix;49.866147;126.632002;vegetation_map;1053
larix;49.833429;126.281507;vegetation_map;1054
larix;49.885327;125.467865;vegetation_map;1055
larix;49.857147;125.557253;vegetation_map;1056
larix;49.826922;125.300463;vegetation_map;1057
larix;49.618023;125.93091;vegetation_map;1058
larix;49.693469;125.768873;vegetation_map;1059
larix;49.516258;126.91291;vegetation_map;1060
larix;49.616334;125.588941;vegetation_map;1061
larix;49.305639;127.218718;vegetation_map;1062
larix;49.438352;126.528332;vegetation_map;1063
larix;48.961713;129.263246;vegetation_map;1064
larix;48.946177;129.399843;vegetation_map;1065
larix;48.909942;129.509739;vegetation_map;1066
larix;49.447094;125.84509;vegetation_map;1067
larix;49.404733;125.916021;vegetation_map;1068
larix;48.789964;129.629443;vegetation_map;1069
larix;48.932892;128.686844;vegetation_map;1070
larix;48.909331;128.405787;vegetation_map;1071
larix;49.216838;126.467389;vegetation_map;1072
larix;48.649792;129.266625;vegetation_map;1073
larix;49.245733;126.096212;vegetation_map;1074
larix;48.992483;127.507695;vegetation_map;1075
larix;48.759933;128.751461;vegetation_map;1076
larix;49.066271;126.349106;vegetation_map;1077
larix;48.83513;128.138952;vegetation_map;1078
larix;48.858535;127.950228;vegetation_map;1079
larix;48.675769;128.482757;vegetation_map;1080
larix;48.857439;127.546257;vegetation_map;1081
larix;48.800776;127.773684;vegetation_map;1082
larix;49.265657;123.244337;vegetation_map;1083
larix;48.809587;127.641743;vegetation_map;1084
larix;48.685925;128.248012;vegetation_map;1085
larix;48.415017;129.689699;vegetation_map;1086
larix;48.480716;128.808637;vegetation_map;1087
larix;48.584242;128.156771;vegetation_map;1088
larix;48.312214;129.326884;vegetation_map;1089
larix;48.373424;128.313972;vegetation_map;1090
larix;48.410843;128.416118;vegetation_map;1091
larix;48.340313;128.474369;vegetation_map;1092
larix;48.755098;124.926618;vegetation_map;1093
larix;47.98413;129.624659;vegetation_map;1094
larix;48.263344;127.777593;vegetation_map;1095
larix;48.130827;127.968328;vegetation_map;1096
larix;47.983918;128.870633;vegetation_map;1097
larix;48.097696;128.006065;vegetation_map;1098
larix;47.768649;130.06418;vegetation_map;1099
larix;47.041479;133.648176;vegetation_map;1100
larix;47.652067;129.53062;vegetation_map;1101
larix;47.856988;120.927203;vegetation_map;1102
larix;47.422042;130.123775;vegetation_map;1103
larix;47.407096;130.244727;vegetation_map;1104
larix;46.69308;133.706125;vegetation_map;1105
larix;47.64484;121.342894;vegetation_map;1106
larix;47.839642;126.623257;vegetation_map;1107
larix;47.241836;129.647151;vegetation_map;1108
larix;47.173194;129.67428;vegetation_map;1109
larix;48.244997;121.447294;vegetation_map;1110
larix;47.185955;129.083736;vegetation_map;1111
larix;47.096811;129.286475;vegetation_map;1112
larix;47.057224;129.222597;vegetation_map;1113
larix;48.137374;121.576835;vegetation_map;1114
larix;48.11151;121.427005;vegetation_map;1115
larix;46.886517;129.397393;vegetation_map;1116
larix;48.140711;120.1948;vegetation_map;1117
larix;47.069295;127.969609;vegetation_map;1118
larix;46.813963;129.452889;vegetation_map;1119
larix;47.691664;123.299351;vegetation_map;1120
larix;46.80188;128.684347;vegetation_map;1121
larix;45.977328;133.122143;vegetation_map;1122
larix;47.697502;121.396536;vegetation_map;1123
larix;46.130879;127.761142;vegetation_map;1124
larix;45.049486;132.980445;vegetation_map;1125
larix;44.512987;129.1332;vegetation_map;1126
larix;44.396514;129.678902;vegetation_map;1127
larix;44.33604;129.792243;vegetation_map;1128
larix;44.406227;129.187151;vegetation_map;1129
larix;44.428076;127.956016;vegetation_map;1131
larix;44.10588;129.737898;vegetation_map;1132
larix;44.396098;126.592685;vegetation_map;1133
larix;43.519233;130.941691;vegetation_map;1134
larix;44.233875;126.40019;vegetation_map;1135
larix;44.090426;127.299751;vegetation_map;1136
larix;44.259939;126.162454;vegetation_map;1137
larix;44.204882;125.963198;vegetation_map;1138
larix;43.47954;128.921941;vegetation_map;1139
larix;43.407791;129.815278;vegetation_map;1140
larix;43.381358;129.69979;vegetation_map;1141
larix;43.925922;126.619383;vegetation_map;1142
larix;43.506124;128.948286;vegetation_map;1143
larix;43.683645;127.786285;vegetation_map;1144
larix;43.90866;126.364649;vegetation_map;1145
larix;43.346601;129.602383;vegetation_map;1146
larix;43.629848;127.843093;vegetation_map;1147
larix;43.741248;126.480916;vegetation_map;1148
larix;43.892679;125.581183;vegetation_map;1149
larix;43.776951;125.664508;vegetation_map;1150
larix;43.135901;129.530609;vegetation_map;1151
larix;43.776295;125.542781;vegetation_map;1152
larix;43.175472;129.235092;vegetation_map;1153
larix;43.099481;129.553328;vegetation_map;1154
larix;43.378428;127.582817;vegetation_map;1155
larix;43.139369;128.915829;vegetation_map;1156
larix;43.507756;126.641341;vegetation_map;1157
larix;43.539355;126.354877;vegetation_map;1158
larix;43.686235;125.411379;vegetation_map;1159
larix;43.030664;129.321782;vegetation_map;1160
larix;43.068652;128.861147;vegetation_map;1161
larix;42.803183;130.450423;vegetation_map;1162
larix;43.580807;125.387247;vegetation_map;1163
larix;43.013811;129.233691;vegetation_map;1164
larix;42.744687;130.436342;vegetation_map;1165
larix;43.317945;127.210839;vegetation_map;1166
larix;42.959498;129.105667;vegetation_map;1167
larix;42.739892;130.368963;vegetation_map;1168
larix;42.953592;128.97616;vegetation_map;1169
larix;43.481216;125.515704;vegetation_map;1170
larix;43.508725;125.196401;vegetation_map;1171
larix;42.832683;129.445113;vegetation_map;1172
larix;43.400761;126.024295;vegetation_map;1173
larix;43.240748;127.029627;vegetation_map;1174
larix;43.218127;127.043802;vegetation_map;1175
larix;42.849759;129.127043;vegetation_map;1176
larix;42.787911;129.353171;vegetation_map;1177
larix;42.821062;129.273449;vegetation_map;1178
larix;42.783802;129.274859;vegetation_map;1179
larix;42.714266;129.502859;vegetation_map;1180
larix;42.766972;129.16588;vegetation_map;1181
larix;43.426299;125.054338;vegetation_map;1182
larix;42.719221;129.423858;vegetation_map;1183
larix;43.352961;125.403664;vegetation_map;1184
larix;43.128303;126.904547;vegetation_map;1185
larix;42.675465;129.286774;vegetation_map;1186
larix;43.038281;126.920507;vegetation_map;1187
larix;43.28688;125.451499;vegetation_map;1188
larix;43.090317;126.71815;vegetation_map;1189
larix;42.707843;128.567956;vegetation_map;1190
larix;43.231682;125.273901;vegetation_map;1191
larix;43.212646;125.172225;vegetation_map;1192
larix;42.557445;129.226647;vegetation_map;1193
larix;43.193113;125.08314;vegetation_map;1194
larix;43.210052;124.615924;vegetation_map;1195
larix;42.894086;126.67405;vegetation_map;1196
larix;42.953123;125.849747;vegetation_map;1197
larix;42.988149;125.700283;vegetation_map;1198
larix;43.105264;124.823419;vegetation_map;1199
larix;42.955984;125.644724;vegetation_map;1200
larix;42.985555;125.294533;vegetation_map;1201
larix;42.998663;125.217543;vegetation_map;1202
larix;42.865239;125.802487;vegetation_map;1203
larix;42.865628;125.625983;vegetation_map;1204
larix;43.010402;124.544216;vegetation_map;1205
larix;42.776096;125.937617;vegetation_map;1206
larix;42.867955;125.265639;vegetation_map;1207
larix;42.741053;125.703874;vegetation_map;1208
larix;42.906378;124.802339;vegetation_map;1209
larix;42.852084;125.034639;vegetation_map;1210
larix;42.536454;127.125119;vegetation_map;1211
larix;42.782592;125.528552;vegetation_map;1212
larix;42.832936;124.896012;vegetation_map;1213
larix;42.572416;126.757256;vegetation_map;1214
larix;42.73214;125.509028;vegetation_map;1215
larix;42.56917;126.392774;vegetation_map;1216
larix;42.743953;124.98523;vegetation_map;1217
larix;42.70716;125.388762;vegetation_map;1218
larix;42.397661;127.189312;vegetation_map;1219
larix;42.786395;124.320486;vegetation_map;1220
larix;42.615574;125.355742;vegetation_map;1221
larix;42.071853;128.357205;vegetation_map;1222
larix;42.76854;124.411127;vegetation_map;1223
larix;42.40684;126.548398;vegetation_map;1224
larix;42.786278;124.124824;vegetation_map;1225
larix;42.32599;127.189748;vegetation_map;1226
larix;42.542786;125.524488;vegetation_map;1227
larix;42.303334;127.201234;vegetation_map;1228
larix;42.567784;125.351596;vegetation_map;1229
larix;42.670305;124.515162;vegetation_map;1230
larix;42.432521;125.874779;vegetation_map;1231
larix;42.70487;124.201786;vegetation_map;1232
larix;42.454951;125.50325;vegetation_map;1233
larix;42.507536;125.259906;vegetation_map;1234
larix;42.517581;124.702921;vegetation_map;1235
larix;42.425568;125.327214;vegetation_map;1236
larix;42.35962;125.607518;vegetation_map;1237
larix;42.006344;127.728199;vegetation_map;1238
larix;42.451029;124.90189;vegetation_map;1239
larix;42.055434;127.313316;vegetation_map;1240
larix;42.365696;125.291431;vegetation_map;1241
larix;42.217602;126.286244;vegetation_map;1242
larix;42.087175;126.922446;vegetation_map;1243
larix;42.02829;127.422385;vegetation_map;1244
larix;42.217017;126.184385;vegetation_map;1245
larix;41.937277;127.846833;vegetation_map;1246
larix;42.454068;124.341138;vegetation_map;1247
larix;42.286017;125.335269;vegetation_map;1248
larix;41.887596;127.734371;vegetation_map;1249
larix;42.161489;126.414415;vegetation_map;1250
larix;42.260407;125.526701;vegetation_map;1251
larix;41.973781;127.359562;vegetation_map;1252
larix;42.218623;125.42441;vegetation_map;1253
larix;42.39648;124.451302;vegetation_map;1254
larix;42.258211;125.131193;vegetation_map;1255
larix;41.650905;128.157247;vegetation_map;1256
larix;42.228611;125.21372;vegetation_map;1257
larix;41.929446;126.642237;vegetation_map;1258
larix;41.909209;126.587997;vegetation_map;1259
larix;42.131751;125.121972;vegetation_map;1260
larix;42.212312;124.592767;vegetation_map;1261
larix;41.846181;126.932706;vegetation_map;1262
larix;41.903686;126.46084;vegetation_map;1263
larix;42.128008;124.946294;vegetation_map;1264
larix;41.905804;126.356885;vegetation_map;1265
larix;41.698988;127.474536;vegetation_map;1266
larix;41.962249;124.975615;vegetation_map;1267
larix;42.072299;124.745312;vegetation_map;1268
larix;41.990074;125.14369;vegetation_map;1269
larix;42.121307;124.100389;vegetation_map;1270
larix;41.769381;126.26392;vegetation_map;1271
larix;41.71683;126.238126;vegetation_map;1272
larix;41.971644;124.332034;vegetation_map;1273
larix;41.943916;124.491859;vegetation_map;1274
larix;41.918338;124.375786;vegetation_map;1275
larix;41.789905;125.12863;vegetation_map;1276
larix;41.951217;123.904505;vegetation_map;1277
larix;41.74312;125.240659;vegetation_map;1278
larix;41.865011;124.325265;vegetation_map;1279
larix;41.885144;124.350754;vegetation_map;1280
larix;41.742517;124.953922;vegetation_map;1281
larix;41.84452;124.258144;vegetation_map;1282
larix;41.801912;124.193881;vegetation_map;1283
larix;41.801104;124.08719;vegetation_map;1284
larix;41.678955;125.035378;vegetation_map;1285
larix;41.760999;124.382493;vegetation_map;1286
larix;41.686231;124.589383;vegetation_map;1287
larix;41.725609;124.240236;vegetation_map;1290
larix;41.704247;124.309406;vegetation_map;1291
larix;41.722896;124.133383;vegetation_map;1292
larix;41.627665;124.646959;vegetation_map;1293
larix;41.503994;125.305953;vegetation_map;1294
larix;41.65916;123.94351;vegetation_map;1295
larix;41.566077;124.379379;vegetation_map;1296
larix;41.520841;124.46695;vegetation_map;1298
larix;41.375271;125.176031;vegetation_map;1299
larix;41.242074;125.476791;vegetation_map;1300
larix;41.302004;125.100529;vegetation_map;1301
larix;41.412418;124.214216;vegetation_map;1302
larix;41.14314;125.378159;vegetation_map;1303
larix;41.381748;123.834903;vegetation_map;1304
larix;41.33853;123.970387;vegetation_map;1305
larix;40.945142;125.288364;vegetation_map;1306
larix;41.004986;124.729667;vegetation_map;1307
larix;41.099052;123.793078;vegetation_map;1308
larix;41.068607;123.923363;vegetation_map;1309
larix;40.991593;124.018936;vegetation_map;1310
larix;40.960246;124.165464;vegetation_map;1311
larix;40.993184;123.689137;vegetation_map;1312
larix;40.981093;123.774264;vegetation_map;1313
larix;41.003752;123.356396;vegetation_map;1314
larix;40.82018;124.794092;vegetation_map;1315
larix;40.777507;124.961847;vegetation_map;1316
larix;40.891103;123.919025;vegetation_map;1317
larix;40.874907;123.670313;vegetation_map;1318
larix;40.670481;124.535413;vegetation_map;1319
larix;40.662486;124.347616;vegetation_map;1320
larix;40.750111;123.880793;vegetation_map;1321
larix;50.365516;134.112034;my;1378
larix;50.004408;130.858296;my;1379
larix;50.004408;130.858296;my;1380
larix;49.573389;131.127177;my;1381
larix;49.519313;131.656607;my;1382
larix;50.035494;131.702544;my;1383
larix;51.969907;130.170015;my;1384
larix;52.52254;129.747418;my;1385
larix;52.93135;129.264337;my;1386
larix;52.881325;130.08838;my;1387
larix;52.579611;129.553268;my;1388
larix;54.880652;127.002976;my;1389
larix;55.24501;126.694535;my;1390
larix;55.64111;127.130143;my;1391
larix;56.128758;126.733262;my;1392
larix;56.339249;126.278153;my;1393
larix;57.346906;126.040562;my;1394
larix;57.856034;126.505627;my;1395
larix;58.950059;125.89283;my;1396
larix;59.00097;126.046639;my;1397
larix;59.266736;126.491654;my;1398
larix;60.088203;132.026127;my;1399
larix;62.500854;130.487853;my;1400
larix;67.355669;137.113107;my;1401
larix;52.838852;136.522467;my;1402
larix;52.416395;136.346928;my;1403
larix;52.469211;136.971312;my;1404
larix;52.741978;137.805761;my;1405
larix;52.85301;137.801135;my;1406
larix;52.932046;137.958964;my;1407
larix;52.718013;137.248596;my;1408
larix;54.208623;138.814124;my;1409
larix;52.549448;138.756949;my;1410
larix;52.900192;138.115176;my;1411
larix;51.747374;138.430009;my;1412
larix;51.246771;138.739858;my;1413
larix;53.666702;140.417144;my;1414
larix;52.215887;138.212802;my;1415
larix;49.612602;138.352675;my;1416
larix;50.276403;140.07322;my;1417
larix;50.492337;140.014838;my;1418
larix;50.570011;140.271677;my;1419
larix;50.662365;139.47443;my;1420
larix;50.985429;140.043714;my;1421
larix;51.355874;139.646659;my;1422
larix;51.488537;138.733178;my;1423
larix;48.919494;133.293371;my;1424
larix;49.223664;133.348654;my;1425
larix;49.599807;134.016134;my;1426
larix;54.311815;134.254207;my;1427
larix;54.908936;134.575802;my;1428
larix;55.496847;127.962571;my;1429
larix;55.794332;128.171105;my;1430
larix;56.418419;128.130661;my;1431
larix;56.674672;128.09126;my;1432
larix;56.854557;128.093903;my;1433
larix;58.086826;128.69071;my;1434
larix;58.439524;129.530237;my;1435
larix;60.382288;127.03932;my;1436
larix;60.645364;127.931202;my;1437
larix;65.764522;124.90584;my;1438
larix;67.277481;122.248322;my;1439
larix;67.575619;120.9198;my;1440
larix;67.887887;122.089127;my;1441
larix;69.502083;121.805756;my;1442
larix;59.445271;145.821561;my;1443
larix;67.83334;122.090083;my;1444
larix;66.976854;121.867385;my;1445
larix;66.506139;120.847098;my;1446
larix;65.422617;125.135778;my;1447
larix;65.955043;124.784296;my;1448
larix;67.128995;139.605333;my;1449
larix;67.428841;138.206267;my;1450
larix;67.749519;138.175574;my;1451
larix;66.021706;139.482728;my;1452
larix;65.993401;138.68364;my;1453
larix;65.138516;140.357924;my;1454
larix;65.66697;155.643982;my;1455
