species;latitude;longitude
Picea jezoensis;36.377;138.524
Picea jezoensis;41.3819;141.0683
Picea jezoensis;36.5492;138.3953
Picea jezoensis;36.786;139.5582
Picea jezoensis;35.7691;138.2615
Picea jezoensis;36.0193;138.3554
Picea jezoensis;35.7895;137.8046
Picea jezoensis;35.4429;137.5979
Picea jezoensis;35.4429;137.5979
Picea jezoensis;36.7816;137.8012
Picea jezoensis;36.107;137.5504
Picea jezoensis;34.1838;136.0889
Picea jezoensis;34.172;136.0955
Picea jezoensis;35.8649;138.811
Picea jezoensis;36.6399;138.5104
Picea jezoensis;36.5269;138.3319
Picea jezoensis;36.6399;138.5104
Picea jezoensis;36.819;139.3951
Picea jezoensis;35.3078;138.7587
Picea jezoensis;36.186;138.1266
Picea jezoensis;36.53842;138.41566
Picea jezoensis;36.819;139.3951
Picea jezoensis;35.9709;138.3702
Picea jezoensis;35.3692;138.1403
Picea jezoensis;35.3068;138.0523
Picea jezoensis;35.3068;138.0523
Picea jezoensis;35.3692;138.1403
Picea jezoensis;35.3382;138.0838
Picea jezoensis;35.3382;138.0838
Picea jezoensis;35.4972;138.2458
Picea jezoensis;35.414;138.5382
Picea jezoensis;35.3507;138.7349
Picea jezoensis;36.8839;139.3754
Picea jezoensis;35.2966;138.6648
Picea jezoensis;35.2355;138.0411
Picea jezoensis;35.3071;138.0983
Picea jezoensis;36.8839;139.3754
Picea jezoensis;36.6664;138.5344
Picea jezoensis;35.3507;138.7349
Picea jezoensis;35.4017;138.4952
Picea jezoensis;36.9161;139.3048
Picea jezoensis;36.473611;137.479167
Picea jezoensis;35.5629;138.1032
Picea jezoensis;35.3176;138.728
Picea jezoensis;36.8100000360299;139.35
Picea jezoensis;36.8100000360299;139.37
Picea jezoensis;36.8100000360299;139.36
Picea jezoensis;36.8100000360299;139.36
Picea jezoensis;36.8000000360186;139.37
Picea jezoensis;42.5200000404535;142.98
Picea jezoensis;42.5200000404535;142.98
Picea jezoensis;42.5100000404497;142.96
Picea jezoensis;36.6900000358931;139.339999999999
Picea jezoensis;36.6900000358931;139.339999999999
Picea jezoensis;36.6900000358931;139.339999999999
Picea jezoensis;35.8800000349295;138.95
Picea jezoensis;35.8800000349295;138.95
Picea jezoensis;42.690000040516;142.68
Picea jezoensis;42.4400000404226;142.89
Picea jezoensis;42.8100000405575;142.47
Picea jezoensis;42.8300000405642;142.669999999999
Picea jezoensis;35.7000000347062;138.86
Picea jezoensis;35.7000000347062;138.86
Picea jezoensis;35.7000000347062;138.86
Picea jezoensis;35.7300000347436;138.85
Picea jezoensis;35.7300000347436;138.86
Picea jezoensis;35.7200000347312;138.86
Picea jezoensis;35.8600000349049;138.94
Picea jezoensis;35.8600000349049;138.94
Picea jezoensis;35.8400000348802;138.95
Picea jezoensis;35.8600000349049;138.94
Picea jezoensis;35.8600000349049;138.94
Picea jezoensis;42.6300000404944;142.83
Picea jezoensis;42.6300000404944;142.85
Picea jezoensis;42.6300000404944;142.83
Picea jezoensis;42.7400000405335;142.78
Picea jezoensis;42.7400000405335;142.79
Picea jezoensis;42.5900000404797;142.83
Picea jezoensis;42.8200000405608;142.77
Picea jezoensis;42.6000000404834;142.96
Picea jezoensis;42.5900000404797;142.85
Picea jezoensis;42.73000004053;142.85
Picea jezoensis;42.8000000405541;142.52
Picea jezoensis;42.6700000405088;142.57
Picea jezoensis;42.6100000404871;142.42
Picea jezoensis;42.7900000405507;142.56
Picea jezoensis;42.6200000404907;142.54
Picea jezoensis;42.6100000404871;142.55
Picea jezoensis;47.998467;142.899033
Picea jezoensis;47.998467;142.899033
Picea jezoensis;47.9985;142.899
Picea jezoensis;38.18563;140.18917
Picea jezoensis;38.5353;139.9582
Picea jezoensis;34.1825;136.101389
Picea jezoensis;35.876111;138.180833
Picea jezoensis;34.174722;136.105
Picea jezoensis;35.72;138.183333
Picea jezoensis;36.53;139.23
Picea jezoensis;36.11;136.55
Picea jezoensis;35.883333;138.166667
Picea jezoensis;36.45;137.316667
Picea jezoensis;36.45;137.316667
Picea jezoensis;36.45;137.316667
Picea jezoensis;36.533333;137.633333
Picea jezoensis;36.25;137.6
Picea jezoensis;36.4;137.133333
Picea jezoensis;36.55;137.55
Picea jezoensis;36.75;137.75
Picea jezoensis;36.483333;137.633333
Picea jezoensis;36.783333;137.566667
Picea jezoensis;36.7;137.566667
Picea jezoensis;35.975278;137.946389
Picea jezoensis;35.973833;138.364222
Picea jezoensis;35.935124;138.24449
Picea jezoensis;35.270844;138.616364
Picea jezoensis;35.251797;138.643822
Picea jezoensis;35.401827;138.557527
Picea jezoensis;36.822222;139.446667
Picea jezoensis;36.817778;139.453611
Picea jezoensis;36.656389;138.548333
Picea jezoensis;36.051944;138.363611
Picea jezoensis;36.775;139.358333
Picea jezoensis;36.002778;138.683889
Picea jezoensis;36.754167;139.063889
Picea jezoensis;36.683056;139.31
Picea jezoensis;36.824444;139.360556
Picea jezoensis;36.8525;139.348333
Picea jezoensis;36.886667;139.270833
Picea jezoensis;36.8475;139.335833
Picea jezoensis;36.6375;139.328333
Picea jezoensis;36.799722;139.348611
Picea jezoensis;36.651944;139.327222
Picea jezoensis;36.892222;139.370278
Picea jezoensis;36.929722;139.290833
Picea jezoensis;36.618056;138.527778
Picea jezoensis;36.541667;138.412778
Picea jezoensis;36.466111;138.593889
Picea jezoensis;35.54695;138.03993
Picea jezoensis;35.54695;138.03993
Picea jezoensis;35.51426;137.82173
Picea jezoensis;35.59853;137.90976
Picea jezoensis;35.51426;137.82173
Picea jezoensis;35.54695;138.03993
Picea jezoensis;35.44656;137.74905
Picea jezoensis;35.51426;137.82173
Picea jezoensis;36.80624;138.20679
Picea jezoensis;35.59853;137.90976
Picea jezoensis;35.44656;137.74905
Picea jezoensis;39.31153;140.55292
Picea jezoensis;39.79977;140.22009
Picea jezoensis;39.79977;140.22009
Picea jezoensis;39.79977;140.22009
Picea jezoensis;39.79977;140.22009
Picea jezoensis;39.79977;140.22009
Picea jezoensis;39.79977;140.22009
Picea jezoensis;43.4856;144.4592
Picea jezoensis;39.79977;140.22009
Picea jezoensis;39.79977;140.22009
Picea jezoensis;42.95581;144.07153
Picea jezoensis;35.99528;138.15862
Picea jezoensis;35.6515;138.79738
Picea jezoensis;35.6515;138.79738
Picea jezoensis;35.82707;137.95355
Picea jezoensis;35.70887;138.44705
Picea jezoensis;35.70887;138.44705
Picea jezoensis;35.70887;138.44705
Picea jezoensis;36.51491;138.52658
Picea jezoensis;35.50053;138.76135
Picea jezoensis;42.31548;140.97348
Picea jezoensis;42.31548;140.97348
Picea jezoensis;42.31548;140.97348
Picea jezoensis;36.23799;137.97145
Picea jezoensis;37.02769;139.38788
Picea jezoensis;36.00384;137.54054
Picea jezoensis;36.40219;138.24918
Picea jezoensis;36.06525;137.66879
Picea jezoensis;36.06525;137.66879
Picea jezoensis;36.549;138.395
Picea jezoensis;43.178;140.861
Picea jezoensis;43.14;140.933
Picea jezoensis;43.123;141.035
Picea jezoensis;43.237;140.989
Picea jezoensis;43.674657;142.907239
Picea jezoensis;43.38571;142.55232
Picea jezoensis;35.876111;138.180833
Picea jezoensis;34.174722;136.105
Picea jezoensis;34.1825;136.101389
Picea jezoensis;43.34333;133.65638
Picea jezoensis;43.49416;133.57833
Picea jezoensis;42.786504;128.514494
Picea jezoensis;41.812003;126.91814
Picea jezoensis;43.622609;128.346866
Picea jezoensis;46.809805;129.814957
Picea jezoensis;42.72;141.25
Picea jezoensis;35.37;138.73
Picea jezoensis;43.77;142.5
Picea jezoensis;35.2;139.02
Picea jezoensis;44.2;142.13
Picea jezoensis;39.75;140.8
Picea jezoensis;45.27;142.2
Picea jezoensis;45.18;141.25
Picea jezoensis;42.42;142.58
Picea jezoensis;35.33;127.73
Picea jezoensis;55.77;160.23
Picea jezoensis;45.27;142.2
Picea jezoensis;40.02;125.75
Picea jezoensis;50;143
Picea jezoensis;55.77;160.23
Picea jezoensis;56.43;137.17
Picea jezoensis;56.43;137.17
Picea jezoensis;34.1825;136.101278
Picea jezoensis;36.883301;139.383
Picea jezoensis;54.355717;142.66905
Picea jezoensis;54.338333;142.644817
Picea jezoensis;36.433333;138.366667
Picea jezoensis;35.866667;137.5
Picea jezoensis;54.883333;158.833333
Picea jezoensis;42.833333;130.333333
Picea jezoensis;42.699694;141.569861
Picea jezoensis;36.811722;139.375389
Picea jezoensis;42.3;128.083333
Picea jezoensis;54.883333;158.833333
Picea jezoensis;45.016667;141.916667
Picea jezoensis;43.416667;144.1
Picea jezoensis;35.316667;127.566667
Picea jezoensis;56;160.166667
Picea jezoensis;43.366667;142.383333
Picea jezoensis;46.641333;142.91025
Picea jezoensis;47.4282;142.768667
Picea jezoensis;47.4282;142.768667
Picea jezoensis;46.976233;142.81855
Picea jezoensis;47.25205;142.805733
Picea jezoensis;35.20785;139.07013
Picea jezoensis;44.35377;146.10599
Picea jezoensis;43.06934;141.34804
Picea jezoensis;44.34072;129.48285
Picea jezoensis;45.521;141.937
Picea jezoensis;44.36802;146.23273
Picea jezoensis;35.35887;138.72997
Picea jezoensis;50.58889;135
Picea jezoensis;55.33751;159.44472
Picea jezoensis;35.36055;138.72778
Picea jezoensis;54.60351;127.48017
Picea jezoensis;56.89859;159.69238
Picea jezoensis;51;143
Picea jezoensis;44.122;145.854
Picea jezoensis;52.17902;141.50488
Picea jezoensis;41.28773;141.22336
Picea jezoensis;43.0621;141.35437
Picea jezoensis;40.6025;140.42555
Picea jezoensis;42.98486;144.38136
Picea jezoensis;42.99352;144.39331
Picea jezoensis;43.05;141.35
Picea jezoensis;42.88334;140.65
Picea jezoensis;35.43333;139.63333
Picea jezoensis;51;143
Picea jezoensis;41.7794;140.7364
Picea jezoensis;43.0475;141.3555
Picea jezoensis;43.451659;144.097165
Picea jezoensis;35.548333;138.118889
Picea jezoensis;45.138889;142.109444
Picea jezoensis;45.138889;142.109444
Picea jezoensis;45.245251;141.20981
Picea jezoensis;35.42436;138.84895
Picea jezoensis;35.63319;138.6608
Picea jezoensis;36.77835;140.36012
Picea jezoensis;36.40683;137.71276
Picea jezoensis;35.87229;137.50069
Picea jezoensis;36.226111;140.102778
Picea jezoensis;36.226111;140.102778
Picea jezoensis;36.226111;140.102778
Picea jezoensis;36.249274;137.637899
Picea jezoensis;36.226111;140.102778
Picea jezoensis;42.950305;141.152419
Picea jezoensis;35.374108;139.540546
Picea jezoensis;43.333333;142.616667
Picea jezoensis;43.433333;144.1
Picea jezoensis;43.433333;144.1
Picea jezoensis;43.366667;142.383333
Picea jezoensis;43.366667;142.383333
Picea jezoensis;45.016667;141.916667
Picea jezoensis;42.333333;128.116667
Picea jezoensis;42.3;128.083333
Picea jezoensis;42.3;128.083333
Picea jezoensis;42.083333;128.166667
Picea jezoensis;44.4;142.2
Picea jezoensis;41.75;128.03333
Picea jezoensis;54.888517;158.941806
Picea jezoensis;54.967575;159.029616
Picea jezoensis;54.901302;159.049786
Picea jezoensis;54.930397;159.055983
Picea jezoensis;54.965919;159.083449
Picea jezoensis;54.99603;159.171683
Picea jezoensis;54.995241;159.027315
Picea jezoensis;55.093355;159.091829
Picea jezoensis;55.149234;158.884119
Picea jezoensis;55.182056;158.594338
Picea jezoensis;55.267326;158.387143
Picea jezoensis;55.263798;158.477947
Picea jezoensis;55.259681;158.634158
Picea jezoensis;55.266739;158.848564
Picea jezoensis;55.283791;158.977996
Picea jezoensis;55.456036;158.912037
Picea jezoensis;55.507239;159.246848
Picea jezoensis;55.594971;158.893591
Picea jezoensis;55.647815;159.217344
Picea jezoensis;55.745311;159.217651
Picea jezoensis;55.799498;159.194648
Picea jezoensis;55.902775;159.265974
Picea jezoensis;55.81818;159.496398
Picea jezoensis;56.024903;159.941555
Picea jezoensis;56.104321;160.10532
Picea jezoensis;56.046546;160.170922
Picea jezoensis;55.107659;159.559252
Picea jezoensis;55.113908;159.732372
Picea jezoensis;55.19377;159.772867
Picea jezoensis;55.276328;159.881647
Picea jezoensis;55.263606;159.790494
Picea jezoensis;55.240597;159.705329
Picea jezoensis;55.31117;159.638137
Picea jezoensis;55.323529;159.435857
Picea jezoensis;55.387961;159.635688
Picea jezoensis;55.408762;159.487785
Picea jezoensis;55.436508;159.875659
Picea jezoensis;55.437063;160.004194
Picea jezoensis;55.676387;159.805642
Picea jezoensis;55.356585;159.404931
Picea jezoensis;55.567469;159.018249
Picea jezoensis;55.578653;159.261321
Picea jezoensis;46.07483;143.432775
Picea jezoensis;46.252127;143.499377
Picea jezoensis;46.325606;143.386757
Picea jezoensis;46.320848;143.546746
Picea jezoensis;46.395844;143.471387
Picea jezoensis;46.531427;143.383324
Picea jezoensis;46.632931;143.5004
Picea jezoensis;46.714933;143.394313
Picea jezoensis;46.796339;143.425899
Picea jezoensis;46.64179;142.911207
Picea jezoensis;46.898443;143.061582
Picea jezoensis;46.971815;142.81645
Picea jezoensis;46.779705;142.888033
Picea jezoensis;47.081683;142.94202
Picea jezoensis;47.34963;142.673051
Picea jezoensis;47.080987;142.581014
Picea jezoensis;46.04744;141.940363
Picea jezoensis;46.143697;142.200087
Picea jezoensis;46.409146;141.918661
Picea jezoensis;46.574836;141.857318
Picea jezoensis;46.646491;142.0674
Picea jezoensis;46.658755;142.329441
Picea jezoensis;46.773928;142.368665
Picea jezoensis;46.778292;141.940456
Picea jezoensis;46.909622;142.20121
Picea jezoensis;47.162766;142.154689
Picea jezoensis;47.292564;142.076583
Picea jezoensis;47.383801;142.489882
Picea jezoensis;47.476114;142.328911
Picea jezoensis;47.563112;142.296327
Picea jezoensis;47.645342;142.557523
Picea jezoensis;47.786261;142.151099
Picea jezoensis;48.047087;142.523261
Picea jezoensis;48.106217;142.226459
Picea jezoensis;48.214444;142.449778
Picea jezoensis;48.455716;142.101648
Picea jezoensis;48.579113;142.636939
Picea jezoensis;48.724999;142.264856
Picea jezoensis;48.816001;141.927027
Picea jezoensis;49.052974;142.256527
Picea jezoensis;49.116143;142.847
Picea jezoensis;49.013223;142.182031
Picea jezoensis;49.316197;144.178625
Picea jezoensis;49.495636;143.8254
Picea jezoensis;49.959714;143.986048
Picea jezoensis;50.066365;143.276989
Picea jezoensis;50.574411;143.688608
Picea jezoensis;50.595048;143.448069
Picea jezoensis;50.701405;143.405916
Picea jezoensis;50.686794;142.904236
Picea jezoensis;49.5133;142.165111
Picea jezoensis;49.63967;142.236005
Picea jezoensis;50.038906;142.354405
Picea jezoensis;50.186895;142.374212
Picea jezoensis;50.792702;142.434762
Picea jezoensis;51.322667;142.210256
Picea jezoensis;51.50244;142.348351
Picea jezoensis;51.574721;142.024354
Picea jezoensis;51.375568;143.08665
Picea jezoensis;50.448179;142.554191
Picea jezoensis;49.109474;142.431691
Picea jezoensis;49.631507;142.739094
Picea jezoensis;51.069997;143.408518
Picea jezoensis;50.10396;143.553131
Picea jezoensis;49.77571;143.707991
Picea jezoensis;49.054123;142.628225
Picea jezoensis;50.451931;142.101043
Picea jezoensis;50.570562;142.261714
Picea jezoensis;53.950058;142.790558
Picea jezoensis;53.765035;142.821275
Picea jezoensis;51.763714;142.812432
Picea jezoensis;52.778227;143.042726
Picea jezoensis;52.496141;142.851066
Picea jezoensis;53.126757;141.910114
Picea jezoensis;53.375519;141.94685
Picea jezoensis;53.042679;142.705266
Picea jezoensis;52.026687;142.721304
Picea jezoensis;52.061723;142.211213
Picea jezoensis;52.316096;142.12315
Picea jezoensis;54.302155;142.770721
Picea jezoensis;54.262366;142.373797
Picea jezoensis;54.156799;142.676755
Picea jezoensis;54.186619;142.532664
Picea jezoensis;44.572902;146.959178
Picea jezoensis;44.45489;146.884905
Picea jezoensis;44.478496;146.974071
Picea jezoensis;44.579368;147.098873
Picea jezoensis;44.644249;147.124665
Picea jezoensis;44.7785;147.177537
Picea jezoensis;44.787761;147.459018
Picea jezoensis;44.739046;147.29486
Picea jezoensis;45.059345;147.557845
Picea jezoensis;45.007466;147.742134
Picea jezoensis;44.479468;146.159467
Picea jezoensis;44.407947;146.065308
Picea jezoensis;44.395614;146.498718
Picea jezoensis;44.285531;146.235433
Picea jezoensis;44.233687;146.022659
Picea jezoensis;44.161172;145.900177
Picea jezoensis;44.136571;145.788369
Picea jezoensis;43.81213;145.560741
Picea jezoensis;43.899516;145.484523
Picea jezoensis;43.921358;145.689659
Picea jezoensis;43.997741;145.740556
Picea jezoensis;44.114076;145.76631
Picea jezoensis;44.151024;145.844065
Picea jezoensis;44.159603;145.916991
Picea jezoensis;43.854506;146.83626
Picea jezoensis;43.807993;146.651885
Picea jezoensis;43.835163;146.898965
Picea jezoensis;43.779375;146.769744
Picea jezoensis;43.730892;146.645472
Picea jezoensis;52.48001727;134.3899676
Picea jezoensis;56.44874341;138.1989137
Picea jezoensis;55.70998814;130.7977338
Picea jezoensis;49.80255768;130.0048558
Picea jezoensis;49.01812878;139.830878
Picea jezoensis;48.25920022;135.2051277
Picea jezoensis;48.26102876;135.1975746
Picea jezoensis;47.981556;139.541809
Picea jezoensis;55.19519234;135.5542985
Picea jezoensis;55.14489621;135.5548993
Picea jezoensis;50.74683;133.4198001
Picea jezoensis;54.6035065;127.4801721
Picea jezoensis;54.616667;128.5541671
Picea jezoensis;56.04959349;159.949035
Picea jezoensis;56.05239754;159.8829883
Picea jezoensis;54.687013;158.6173329
Picea jezoensis;56.056112;159.8714441
Picea jezoensis;54.687013;158.6173329
Picea jezoensis;46.9641127;142.7347555
Picea jezoensis;46.97492644;142.5047551
Picea jezoensis;44.06485693;145.7709077
Picea jezoensis;44.0394706;133.8832587
Picea jezoensis;43.1276453;133.1252142
Picea jezoensis;45.0525641;135
Picea jezoensis;44.5573954;135.6227188
Picea jezoensis;45.9294549;133.7427896
Picea jezoensis;43.1698998;133.7600556
Picea jezoensis;43.11531964;133.9429583
Picea jezoensis;45.9294549;133.7427896
Picea jezoensis;43.6503097;132.5024216
Picea jezoensis;45.0432559;136.6092251
Picea jezoensis;45.6829449;136.218079
Picea jezoensis;43.455314;132.57266
Picea jezoensis;44.1676272;133.8685428
Picea jezoensis;43.07263279;134.1895776
Picea jezoensis;43.16340369;132.8012386
Picea jezoensis;43.11452103;132.8354561
Picea jezoensis;43.15510791;132.8047577
Picea jezoensis;45.06035541;136.6052769
Picea jezoensis;45.06447793;136.6090534
Picea jezoensis;43.1850507;132.9097239
Picea jezoensis;44.1676272;133.8685428
Picea jezoensis;44.1676272;133.8685428
Picea jezoensis;47.3350064;142.7899519
Picea jezoensis;47.1698542;142.0634347
Picea jezoensis;47.0657403;142.0584355
Picea jezoensis;54.933333;137.5
Picea jezoensis;43.7936111;146.7472222
Picea jezoensis;43.68234026;134.2021394
Picea jezoensis;43.4763359;131.7101001
Picea jezoensis;44.0394706;133.8832587
Picea jezoensis;44.11872296;133.8809882
Picea jezoensis;43.39380062;131.483615
Picea jezoensis;43.39148982;131.4894987
Picea jezoensis;43.65003023;132.5031512
Picea jezoensis;43.23224467;132.0332066
Picea jezoensis;43.23213133;132.0338932
Picea jezoensis;43.23224077;132.0336786
Picea jezoensis;43.41895043;134.4258106
Picea jezoensis;43.14734329;132.8006378
Picea jezoensis;43.14020398;132.7948013
Picea jezoensis;43.14734329;132.8006378
Picea jezoensis;44.2551686;135.0572606
Picea jezoensis;51.0722125;132.6007578
Picea jezoensis;49.7567238;142.8481098
Picea jezoensis;55.108257;124.83882
Picea jezoensis;43.211833;132.018058
Picea jezoensis;43.211833;132.018058
Picea jezoensis;43.211833;132.018058
Picea jezoensis;56.528606;129.109789
Picea jezoensis;42.8636;133.807116
Picea jezoensis;43.220608;132.860705
Picea jezoensis;51.581967;134.750703
Picea jezoensis;56.46713;138.165755
Picea jezoensis;53.08371;140.963845
Picea jezoensis;50.818842;139.636743
Picea jezoensis;50.994975;140.094522
Picea jezoensis;50.929768;140.351842
Picea jezoensis;52.245254;141.173414
Picea jezoensis;52.284053;140.651263
Picea jezoensis;53.046513;140.211059
Picea jezoensis;53.273985;141.066912
Picea jezoensis;54.561327;136.683067
Picea jezoensis;54.959768;136.852217
Picea jezoensis;52.387462;137.512427
Picea jezoensis;55.204395;135.362159
Picea jezoensis;55.478394;136.034982
Picea jezoensis;57.362188;135.2172
Picea jezoensis;50.529713;135.85649
Picea jezoensis;51.106837;130.90672
Picea jezoensis;53.795129;130.114932
Picea jezoensis;54.159061;125.472294
Picea jezoensis;54.249505;125.157878
Picea jezoensis;55.546121;126.520578
Picea jezoensis;51.661398;130.021564
Picea jezoensis;54.24443;126.54389
Picea jezoensis;54.156976;126.98396
Picea jezoensis;49.339734;132.231193
Picea jezoensis;50.075786;133.201945
Picea jezoensis;51.802655;135.415544
Picea jezoensis;52.613744;136.76153
Picea jezoensis;52.293106;139.043228
Picea jezoensis;50.332712;136.069397
Picea jezoensis;48.257618;138.38777
Picea jezoensis;48.922854;139.453058
Picea jezoensis;53.4825;138.524261
Picea jezoensis;53.764468;139.085422
Picea jezoensis;50.353815;133.59655
Picea jezoensis;50.750517;133.445294
Picea jezoensis;49.049337;132.845735
Picea jezoensis;48.51607;130.920595
Picea jezoensis;48.322032;131.399874
Picea jezoensis;48.853905;132.507884
Picea jezoensis;48.205998;132.590517
Picea jezoensis;55.075574;158.904205
Picea jezoensis;55.544395;159.747983
Picea jezoensis;55.413537;159.700564
Picea jezoensis;54.971749;160.416873
Picea jezoensis;43.259547;133.731465
Picea jezoensis;43.17636;132.887693
Picea jezoensis;43.695746;134.194638
Picea jezoensis;46.553514;138.339539
Picea jezoensis;47.37087;137.865342
Picea jezoensis;45.798913;135.303869
Picea jezoensis;43.087168;132.69876
Picea jezoensis;43.446174;133.226068
Picea jezoensis;43.601272;132.190872
Picea jezoensis;43.512878;133.764917
Picea jezoensis;45.181923;135.805154
Picea jezoensis;46.965623;137.038793
Picea jezoensis;48.248151;138.051823
Picea jezoensis;46.985514;138.528161
Picea jezoensis;43.329541;133.663817
Picea jezoensis;44.026472;134.216611
Picea jezoensis;43.188916;134.06485
Picea jezoensis;47.120456;138.629303
Picea jezoensis;43.364483;131.530281
Picea jezoensis;47.415725;138.71518
Picea jezoensis;46.833678;137.850887
Picea jezoensis;48.447723;138.308106
Picea jezoensis;47.804607;138.242612
Picea jezoensis;42.992871;134.070767
Picea jezoensis;43.21242;131.98084
Picea jezoensis;45.170423;136.494204
Picea jezoensis;45.823519;137.003533
Picea jezoensis;47.237698;137.031756
Picea jezoensis;44.120182;133.354587
Picea jezoensis;45.090639;136.721443
Picea jezoensis;42.864491;133.809805
Picea jezoensis;44.132257;133.433742
Picea jezoensis;43.413986;133.241099
Picea jezoensis;43.446761;133.229754
Picea jezoensis;44.192382;145.854192
Picea jezoensis;43.982999;145.788561
Picea jezoensis;44.045105;145.811658
Picea jezoensis;43.912052;145.535008
Picea jezoensis;44.022278;145.682815
Picea jezoensis;43.861557;146.82144
Picea jezoensis;44.236811;146.050587
Picea jezoensis;44.768024;147.196924
Picea jezoensis;43.969798;145.726652
Picea jezoensis;43.949466;145.622314
Picea jezoensis;55.175932;124.73851
Picea jezoensis;49.169599;130.551601
Picea jezoensis;55.500126;124.991876
Picea jezoensis;53.277878;132.908385
Picea jezoensis;53.051979;132.951791
Picea jezoensis;52.950007;132.763602
Picea jezoensis;48.225043;135.088698
Picea jezoensis;53.784748;136.844778
Picea jezoensis;50.862241;137.399918
Picea jezoensis;56.467312;138.167245
Picea jezoensis;54.718507;135.222955
Picea jezoensis;56.37492;135.475902
Picea jezoensis;56.875664;132.702157
Picea jezoensis;56.711118;132.923198
Picea jezoensis;57.98505;134.241771
Picea jezoensis;57.604495;134.745763
Picea jezoensis;49.484251;131.571537
Picea jezoensis;49.848561;136.781151
Picea jezoensis;48.295457;135.09321
Picea jezoensis;50.756057;131.733319
Picea jezoensis;51.724786;140.580833
Picea jezoensis;50.717288;137.533692
Picea jezoensis;51.721642;134.296784
Picea jezoensis;51.720064;134.961991
Picea jezoensis;54.535191;135.816647
Picea jezoensis;54.138802;136.295107
Picea jezoensis;53.1451;132.004405
Picea jezoensis;54.328018;132.041945
Picea jezoensis;52.167412;134.387519
Picea jezoensis;56.467228;138.170282
Picea jezoensis;57.096783;137.812513
Picea jezoensis;56.711897;132.892046
Picea jezoensis;50.100638;139.168671
Picea jezoensis;48.896438;138.017991
Picea jezoensis;51.543722;140.371842
Picea jezoensis;47.38063;136.991916
Picea jezoensis;50.332979;139.223625
Picea jezoensis;48.644254;137.405829
Picea jezoensis;47.124032;136.658764
Picea jezoensis;47.133156;136.71262
Picea jezoensis;48.640801;137.414509
Picea jezoensis;49.857071;136.895448
Picea jezoensis;50.630644;137.461226
Picea jezoensis;54.534439;135.816868
Picea jezoensis;54.709512;135.30906
Picea jezoensis;54.482009;134.646997
Picea jezoensis;53.148369;140.774015
Picea jezoensis;50.645604;137.439605
Picea jezoensis;50.659274;137.413269
Picea jezoensis;49.484998;131.572007
